<keymap version="1" name="Windows copy" parent="$default">
  <action id="$SelectAll" />
  <action id="ChooseRunConfiguration">
    <keyboard-shortcut first-keystroke="shift alt f10" />
    <keyboard-shortcut first-keystroke="f5" />
  </action>
  <action id="CopyElement" />
  <action id="EditorLineEnd">
    <keyboard-shortcut first-keystroke="end" />
    <keyboard-shortcut first-keystroke="ctrl e" />
  </action>
  <action id="EditorLineStart">
    <keyboard-shortcut first-keystroke="home" />
    <keyboard-shortcut first-keystroke="ctrl a" />
  </action>
  <action id="List-selectLastRow">
    <keyboard-shortcut first-keystroke="ctrl end" />
  </action>
  <action id="Move" />
  <action id="RecentFiles" />
  <action id="Run">
    <keyboard-shortcut first-keystroke="shift f10" />
    <keyboard-shortcut first-keystroke="f6" />
  </action>
  <action id="SwitcherIterateItems" />
  <action id="SwitcherRecentEditedChangedToggleCheckBox" />
  <action id="Table-selectLastRow">
    <keyboard-shortcut first-keystroke="ctrl end" />
  </action>
  <action id="Vcs.ShowMessageHistory">
    <keyboard-shortcut first-keystroke="ctrl m" />
  </action>
</keymap>