<application>
  <component name="CodeFoldingSettings">
    <option name="COLLAPSE_DOC_COMMENTS" value="true" />
  </component>
  <component name="CodeInsightSettings">
    <option name="INDENT_TO_CARET_ON_PASTE" value="true" />
  </component>
  <component name="EditorSettings">
    <option name="USE_SOFT_WRAPS" value="" />
    <option name="SOFT_WRAP_FILE_MASKS" value="*.md; *.txt; *.rst; *.adoc" />
    <option name="IS_WHEEL_FONTCHANGE_ENABLED" value="true" />
  </component>
  <component name="InlayHintsSettings">
    <option name="lastViewedProviderKeyId" value="docker.inlay.hints" />
  </component>
  <component name="InspectionProfileManager">
    <list size="7">
      <item index="0" class="java.lang.String" itemvalue="INFORMATION" />
      <item index="1" class="java.lang.String" itemvalue="TYPO" />
      <item index="2" class="java.lang.String" itemvalue="SERVER PROBLEM" />
      <item index="3" class="java.lang.String" itemvalue="WEAK WARNING" />
      <item index="4" class="java.lang.String" itemvalue="INFO" />
      <item index="5" class="java.lang.String" itemvalue="WARNING" />
      <item index="6" class="java.lang.String" itemvalue="ERROR" />
    </list>
  </component>
</application>