<application>
  <component name="FileTypeManager" version="18">
    <ignoreFiles list="*$py.class;*.pyc;*.pyo;*.rbc;*.yarb;*~;.DS_Store;.git;.hg;.svn;CVS;__pycache__;_svn;vssver.scc;vssver2.scc" />
    <extensionMap>
      <mapping ext="xlsm" type="Native" />
      <mapping ext="exe" type="Native" />
      <mapping pattern="git" type="PLAIN_TEXT" />
      <mapping pattern="LICENSE" type="PLAIN_TEXT" />
      <mapping pattern=".gitinit" type="PLAIN_TEXT" />
      <mapping pattern="size" type="PLAIN_TEXT" />
      <mapping ext="pv" type="PLAIN_TEXT" />
      <mapping ext="spec" type="PLAIN_TEXT" />
      <removed_mapping ext="csv" approved="true" type="CSV file" />
      <removed_mapping ext="csv" approved="true" type="CSV/TSV" />
      <removed_mapping ext="env" approved="true" type="Env File" />
      <removed_mapping ext="ignore" approved="true" type="IgnoreLang file" />
      <removed_mapping ext="tsv" approved="true" type="CSV/TSV" />
      <removed_mapping pattern=".env" approved="true" type="Env File" />
      <removed_mapping pattern=".env.*" approved="true" type="Env File" />
      <mapping ext="nsh" type="NSIS script" />
    </extensionMap>
  </component>
</application>